"gene_code","strand","start_pos","stop_pos","line_type","position","ref_seq","alt_seq","length(ref_seq) - length(alt_seq)"
"AT2G25790.1","W","11000630","11004040","L17J","11002492","C","T","0"
"AT2TE47595","C","11041540","11041590","L17J","11041565","G","A","0"
"AT2TE47785","W","11080910","11081240","L17J","11080923","CATATATATATATATATATATATAT","CATATATATATATATATATATAT","2"
"AT2TE47895","W","11101220","11102220","L17J","11101332","AATATATATATATATATATATAT","AATATATATATATATATATAT","2"
"AT2G26080.1","C","11109330","11113790","L17J","11112096","AATATATATATATATATATATATATATATATATAT","AATATATATATATATATATATATATATATATATATATAT","-4"
"AT2TE47940","W","11112070","11112140","L17J","11112096","AATATATATATATATATATATATATATATATATAT","AATATATATATATATATATATATATATATATATATATAT","-4"
"AT2G26220.2","W","11159480","11162400","L17J","11162058","C","A","0"
"AT2G26220.1","W","11159500","11162400","L17J","11162058","C","A","0"
"AT2G26220.4","W","11159510","11162380","L17J","11162058","C","A","0"
"AT2G26220.3","W","11159510","11162380","L17J","11162058","C","A","0"
"AT2G26260.1","W","11178230","11182880","L17J","11179986","C","T","0"
"AT2G26260.2","W","11178580","11182880","L17J","11179986","C","T","0"
"AT2G26350.3","C","11217760","11220030","L17J","11219205","C","T","0"
"AT2G26350.1","C","11217760","11220420","L17J","11219205","C","T","0"
"AT2G26350.5","C","11218510","11220420","L17J","11219205","C","T","0"
"AT2G26350.4","C","11218590","11220420","L17J","11219205","C","T","0"
"AT2G26350.2","C","11218590","11220420","L17J","11219205","C","T","0"
"AT2G26610.1","W","11318770","11324180","L17J","11320955","C","T","0"
"AT2G26690.1","C","11347340","11350920","L17J","11350676","GTATATATATATATATATATATAT","GTATATATATATATATATATAT","2"
"AT2G26692.1","W","11350510","11351300","L17J","11350676","GTATATATATATATATATATATAT","GTATATATATATATATATATAT","2"
"AT2G26780.2","W","11410120","11423600","L17J","11410907","T","A","0"
"AT2G26780.1","W","11410120","11423600","L17J","11410907","T","A","0"
"AT2G26930.1","C","11491820","11494230","L17J","11492607","C","T","0"
"AT2TE49950","C","11522540","11523090","L17J","11522656","GTATATATATATATATATA","GTATATATATATATATA","2"
"AT2G27730.4","C","11820050","11820870","L17J","11820131","A","C","0"
"AT2G27730.3","C","11820050","11820870","L17J","11820131","A","C","0"
"AT2G27730.2","C","11820050","11820870","L17J","11820131","A","C","0"
"AT2G27730.1","C","11820050","11820870","L17J","11820131","A","C","0"
"AT2TE51750","C","11891450","11891940","L17J","11891541","GTATATATATATATATATATATATATATAT","GTATATATATATATATATATATATATAT","2"
"AT2TE51960","C","11940070","11940900","L17J","11940281","CATATATATATATATATATATATATATATATATATATAT","CATATATATATATATATATATATATATATATATATATATAT,CATATATATATATATATATATATATATATATATATAT","-40"
"AT2G28070.2","W","11956430","11959790","L17J","11956640","C","T","0"
"AT2G28070.1","W","11956430","11959790","L17J","11956640","C","T","0"
"AT2TE52165","C","11982480","11983960","L17J","11983670","T","A","0"
"AT2TE52165","C","11982480","11983960","L17J","11983626","C","A","0"
"AT2TE52165","C","11982480","11983960","L17J","11983611","G","C","0"
"AT2G28290.6","W","12056770","12072960","L17J","12060462","G","A","0"
"AT2G28290.5","W","12056770","12072960","L17J","12060462","G","A","0"
"AT2G28290.4","W","12056770","12072960","L17J","12060462","G","A","0"
"AT2G28290.3","W","12056770","12072960","L17J","12060462","G","A","0"
"AT2G28290.2","W","12056770","12072960","L17J","12060462","G","A","0"
"AT2G28290.1","W","12056770","12072960","L17J","12060462","G","A","0"
"AT2TE52590","C","12073560","12073980","L17J","12073691","TTATATATATATATATATATATATATATAT","TTATATATATATATATATATATATATAT","2"
"AT2TE52775","W","12118220","12119160","L17J","12119091","TTATATATATATATATATATATATATATATA","TTATATATATATATATATATATATATATA","2"
"AT2G28680.1","C","12303110","12304750","L17J","12304368","AATATATATATATATATATATATATATATATATATATATATA","AATATATATATATATATATATATATATATATATATATA","4"
"AT2G28930.3","W","12424550","12426570","L17J","12425476","C","T","0"
"AT2G28930.2","W","12424550","12426570","L17J","12425476","C","T","0"
"AT2G28930.1","W","12424950","12426570","L17J","12425476","C","T","0"
"AT2G29065.1","W","12485040","12486950","L17J","12485802","C","T","0"
"AT2G29660.1","W","12679340","12680470","L17J","12680164","C","T","0"
"AT2G29780.2","C","12718130","12719330","L17J","12718714","C","T","0"
"AT2G29780.1","C","12718130","12719330","L17J","12718714","C","T","0"
"AT2G29840.1","C","12732380","12733990","L17J","12733701","C","T","0"
"AT2TE55690","C","12738680","12740300","L17J","12739161","G","A","0"
"AT2TE55690","C","12738680","12740300","L17J","12739079","GAA","GAAA","-1"
"AT2TE56035","C","12812780","12813050","L17J","12812804","GGAGAGAGAGAGAGAGAG","GGAGAGAGAGAGAGAG","2"
"AT2G30090.1","C","12843580","12845600","L17J","12845233","AATATATATATATATATAT","AATATATATATATATAT","2"
"AT2G30280.1","C","12909800","12911870","L17J","12909981","ATCTTCTTCTTCTTCTTCTTCTTC","ATCTTCTTCTTCTTCTTCTTC","3"
"AT2G30300.1","W","12919400","12921230","L17J","12920880","C","T","0"
"AT2G30500.3","C","12998320","12999980","L17J","12998781","C","T","0"
"AT2G30500.2","C","12998320","13000080","L17J","12998781","C","T","0"
"AT2G30500.1","C","12998320","13000080","L17J","12998781","C","T","0"