"gene_id","count(*)","ref_seq","alt_seq"
"AT2G25790","1","C","T"
"AT2G26220","4","C","A"
"AT2G26260","2","C","T"
"AT2G26350","5","C","T"
"AT2G26610","1","C","T"
"AT2G26780","2","T","A"
"AT2G26930","1","C","T"
"AT2G27730","4","A","C"
"AT2G28070","2","C","T"
"AT2G28290","6","G","A"
"AT2G28930","3","C","T"
"AT2G29065","1","C","T"
"AT2G29660","1","C","T"
"AT2G29780","2","C","T"
"AT2G29840","1","C","T"
"AT2G30300","1","C","T"
"AT2G30500","3","C","T"
"AT2TE4759","1","G","A"
"AT2TE5216","3","T","A"
"AT2TE5569","1","G","A"