"gene_id","strand","start_pos","stop_pos","line_type","position","ref_seq","alt_seq","diff"
"AT2G25790","W","11000630","11004040","L17J","11002492","C","T","0"
"AT2G26080","C","11109330","11113790","L17J","11112096","AATATATATATATATATATATATATATATATATAT","AATATATATATATATATATATATATATATATATATATAT","-4"
"AT2G26220","W","11159480","11162400","L17J","11162058","C","A","0"
"AT2G26260","W","11178230","11182880","L17J","11179986","C","T","0"
"AT2G26350","C","11217760","11220030","L17J","11219205","C","T","0"
"AT2G26610","W","11318770","11324180","L17J","11320955","C","T","0"
"AT2G26690","C","11347340","11350920","L17J","11350676","GTATATATATATATATATATATAT","GTATATATATATATATATATAT","2"
"AT2G26692","W","11350510","11351300","L17J","11350676","GTATATATATATATATATATATAT","GTATATATATATATATATATAT","2"
"AT2G26780","W","11410120","11423600","L17J","11410907","T","A","0"
"AT2G26930","C","11491820","11494230","L17J","11492607","C","T","0"
"AT2G27730","C","11820050","11820870","L17J","11820131","A","C","0"
"AT2G28070","W","11956430","11959790","L17J","11956640","C","T","0"
"AT2G28290","W","12056770","12072960","L17J","12060462","G","A","0"
"AT2G28680","C","12303110","12304750","L17J","12304368","AATATATATATATATATATATATATATATATATATATATATA","AATATATATATATATATATATATATATATATATATATA","4"
"AT2G28930","W","12424550","12426570","L17J","12425476","C","T","0"
"AT2G29065","W","12485040","12486950","L17J","12485802","C","T","0"
"AT2G29660","W","12679340","12680470","L17J","12680164","C","T","0"
"AT2G29780","C","12718130","12719330","L17J","12718714","C","T","0"
"AT2G29840","C","12732380","12733990","L17J","12733701","C","T","0"
"AT2G30090","C","12843580","12845600","L17J","12845233","AATATATATATATATATAT","AATATATATATATATAT","2"
"AT2G30280","C","12909800","12911870","L17J","12909981","ATCTTCTTCTTCTTCTTCTTCTTC","ATCTTCTTCTTCTTCTTCTTC","3"
"AT2G30300","W","12919400","12921230","L17J","12920880","C","T","0"
"AT2G30500","C","12998320","12999980","L17J","12998781","C","T","0"
"AT2TE4759","C","11041540","11041590","L17J","11041565","G","A","0"
"AT2TE4778","W","11080910","11081240","L17J","11080923","CATATATATATATATATATATATAT","CATATATATATATATATATATAT","2"
"AT2TE4789","W","11101220","11102220","L17J","11101332","AATATATATATATATATATATAT","AATATATATATATATATATAT","2"
"AT2TE4794","W","11112070","11112140","L17J","11112096","AATATATATATATATATATATATATATATATATAT","AATATATATATATATATATATATATATATATATATATAT","-4"
"AT2TE4995","C","11522540","11523090","L17J","11522656","GTATATATATATATATATA","GTATATATATATATATA","2"
"AT2TE5175","C","11891450","11891940","L17J","11891541","GTATATATATATATATATATATATATATAT","GTATATATATATATATATATATATATAT","2"
"AT2TE5196","C","11940070","11940900","L17J","11940281","CATATATATATATATATATATATATATATATATATATAT","CATATATATATATATATATATATATATATATATATATATAT,CATATATATATATATATATATATATATATATATATAT","-40"
"AT2TE5216","C","11982480","11983960","L17J","11983670","T","A","0"
"AT2TE5259","C","12073560","12073980","L17J","12073691","TTATATATATATATATATATATATATATAT","TTATATATATATATATATATATATATAT","2"
"AT2TE5277","W","12118220","12119160","L17J","12119091","TTATATATATATATATATATATATATATATA","TTATATATATATATATATATATATATATA","2"
"AT2TE5569","C","12738680","12740300","L17J","12739161","G","A","0"
"AT2TE5603","C","12812780","12813050","L17J","12812804","GGAGAGAGAGAGAGAGAG","GGAGAGAGAGAGAGAG","2"